DELETE FROM fees;
DELETE FROM studentmodule;
DELETE FROM module;
DELETE FROM staff;
DELETE FROM student;

INSERT INTO staff (stf_id, stf_username,stf_password,stf_name,stf_surname,stf_sex)
VALUES
    (1, 'test', 'pass', 'Test', 'User', 0),
    (2, 'SEstrada','IAN56NYE7OT','Sonya','Estrada',1),
    (3, 'CMcclure','WJX98AME2NB','Colin','Mcclure',0),
    (4, 'DNieves','KAW45WDS1NN','Dillon','Nieves',0),
    (5, 'ISosa','TRL69RRV4GV','India','Sosa',1),
    (6, 'CEllis','XKE30ULX5YT','Connor','Ellis',0),
    (7, 'PWatson','DYK21GYN8LN','Pascale','Watson',0),
    (8, 'MPruitt','SMT89XOH5TN','MacKensie','Pruitt',1),
    (9, 'ERogers','QVL96YJC4VW','Erin','Rogers',1),
    (10, 'XPalmer','DJB13JBQ5EA','Xyla','Palmer',1),
    (11, 'RHobbs','XOQ14HEO3CK','Reed','Hobbs',0);


insert into module (mdl_id, mdl_maxstd, mdl_name, mdl_topic, stf_id) values
    (1, 10, 'Major Pharmaceuticals', 'Health Care', 11),
    (2, 12, 'Farming/Seeds/Milling', 'Consumer Non-Durables', 9),
    (3, 16, 'Military/Government/Technical', 'Consumer Services', 6),
    (4, 18, 'Apparel', 'Consumer Non-Durables', 3),
    (5, 11, 'Real Estate Investment Trusts', 'Consumer Services', 11),
    (6, 8, 'Medical Specialities', 'Health Care', 5),
    (7, 13, 'Other Consumer Services', 'Consumer Services', 3),
    (8, 9, 'Property-Casualty Insurers', 'Finance', 10),
    (9, 6, 'EDP Services', 'Technology', 2),
    (10, 25, 'Ordnance And Accessories', 'Capital Goods', 10),
    (11, 10, 'Publishing', 'Consumer Durables', 5),
    (12, 11, 'Services-Misc. Amusement & Recreation', 'Consumer Services', 5),
    (13, 16, 'Automotive Aftermarket', 'Consumer Durables', 8),
    (14, 18, 'Fluid Controls', 'Capital Goods', 11),
    (15, 7, 'Natural Gas Distribution', 'Energy', 5),
    (16, 17, 'Homebuilding', 'Capital Goods', 3),
    (17, 9, 'Meat/Poultry/Fish', 'Consumer Non-Durables', 10),
    (18, 13, 'Computer Software: Prepackaged Software', 'Technology', 7),
    (19, 8, 'Agricultural Chemicals', 'Basic Industries', 9),
    (20, 17, 'Oil & Gas Production', 'Energy', 10),
    (21, 19, 'Telecommunications Equipment', 'Consumer Non-Durables', 11);

INSERT INTO ed_db.student (std_id, std_address, std_email, std_name, std_nationality, std_password, std_sex, std_surname, std_username) VALUES (1, '7444 Little Fleur Lane', 'hpollins0@state.tx.us', 'Haydon', 'China', '$2a$10$F7reVyxOjXVBgWVBH3sPSu8dqLnkJWhhxC/yl5wb42g6k4FdhsyuC', 0, 'Pollins', 'hpollins0'); /* zO1qEuZkLVXo */
INSERT INTO ed_db.student (std_id, std_address, std_email, std_name, std_nationality, std_password, std_sex, std_surname, std_username) VALUES (2, '878 Lyons Junction', 'tcourtenay1@google.co.jp', 'Tamma', 'Argentina', '$2a$10$fjwCI.PqMpViuBC3NQFw2.iErxtLO8WNOknDoXouahW83DQpl82ia', 1, 'Courtenay', 'tcourtenay1'); /* 3ZqOWk */
INSERT INTO ed_db.student (std_id, std_address, std_email, std_name, std_nationality, std_password, std_sex, std_surname, std_username) VALUES (3, '7383 5th Junction', 'ilaughtisse2@yolasite.com', 'Israel', 'United Kingdom', '$2a$10$Hu5JQ7iORLIc8pBbkf0ppewVePXRQLXrVUNJS23TH06gThLI9y1/W', 0, 'Laughtisse', 'ilaughtisse2'); /* zdeh5fYgUZu */
INSERT INTO ed_db.student (std_id, std_address, std_email, std_name, std_nationality, std_password, std_sex, std_surname, std_username) VALUES (4, '4 Pepper Wood Pass', 'emacnair3@economist.com', 'Erastus', 'Colombia', '$2a$10$fHK8eYlGeu1DHsM2t0ZI/uFL.q5/QrxbDYUliqwj.fxvu1Swna1ty', 1, 'MacNair', 'emacnair3'); /* PNCVaG */
INSERT INTO ed_db.student (std_id, std_address, std_email, std_name, std_nationality, std_password, std_sex, std_surname, std_username) VALUES (5, '6 Hoffman Street', 'piwanicki4@cam.ac.uk', 'Prince', 'Thailand', '$2a$10$N6nJAk8Hm9Pc3VBP4HRpEegIPrOyJzIunksuxRR8PEQw9I3MYwYs6', 1, 'Iwanicki', 'piwanicki4'); /* 1uJEqMgjHT */
INSERT INTO ed_db.student (std_id, std_address, std_email, std_name, std_nationality, std_password, std_sex, std_surname, std_username) VALUES (6, '8 Susan Lane', 'hshakelady5@is.gd', 'Howie', 'China', '$2a$10$j5HEI76vsclR2UWs./NJduUCcH4rm4NpoOGW9qk4e0STgeymPO30.', 1, 'Shakelady', 'hshakelady5'); /* liyOFglDGdX */
INSERT INTO ed_db.student (std_id, std_address, std_email, std_name, std_nationality, std_password, std_sex, std_surname, std_username) VALUES (7, '53189 Dorton Plaza', 'kaspall6@timesonline.co.uk', 'Kiah', 'Congo', '$2a$10$nYEpCdC6mHUf0IfX7Dkm1.D/3usZU8QdI.69jyapUR4M6XdGQQpCa', 0, 'Aspall', 'kaspall6'); /* JyQo4lDxRu */
INSERT INTO ed_db.student (std_id, std_address, std_email, std_name, std_nationality, std_password, std_sex, std_surname, std_username) VALUES (8, '5 Havey Parkway', 'spakes7@wikipedia.org', 'Seana', 'Chile', '$2a$10$dZgqxs4AD628u7HJfC4T9uU.pIFjiDoD88dOindZarpaW5cgg.6GG', 1, 'Pakes', 'spakes7'); /* 2uhyF9a */
INSERT INTO ed_db.student (std_id, std_address, std_email, std_name, std_nationality, std_password, std_sex, std_surname, std_username) VALUES (9, '2 Summer Ridge Plaza', 'mborley8@discovery.com', 'Mile', 'Burundi', '$2a$10$08CtfD9cxmOJTjre94rxF.9u5hZSGz1mitfNJqqq/wyDSADJcbQc2', 0, 'Borley', 'mborley8'); /* YnI1C4xvo */
INSERT INTO ed_db.student (std_id, std_address, std_email, std_name, std_nationality, std_password, std_sex, std_surname, std_username) VALUES (10, '9627 Carey Drive', 'dscruton9@miitbeian.gov.cn', 'Dulcie', 'Portugal', '$2a$10$llvMy8ajp5ABLuCIYNDOgOFiahoFRCwLfhvMOCw.ZqpZfT8X/0scO', 0, 'Scruton', 'dscruton9'); /* AZ5rixs6rHEv */
INSERT INTO ed_db.student (std_id, std_address, std_email, std_name, std_nationality, std_password, std_sex, std_surname, std_username) VALUES (11, '64 Huxley Parkway', 'hpechaa@hostgator.com', 'Harmon', 'Portugal', '$2a$10$wGP.u1zWh0PATtIJmgF/8O8oATtoMA8tEBGYjmzjduWQFnaUUf7u.', 0, 'Pecha', 'hpechaa'); /* lY4OaZHdDoR */
INSERT INTO ed_db.student (std_id, std_address, std_email, std_name, std_nationality, std_password, std_sex, std_surname, std_username) VALUES (12, '6238 Clarendon Crossing', 'kcholdcroftb@spiegel.de', 'Karen', 'Poland', '$2a$10$CxVWZ4GQ2dd0JZ4BcDE3YuBoNj03KzuRzfTNJNm.yFcEhHweC8KWm', 0, 'Choldcroft', 'kcholdcroftb'); /* Vz5pad */
INSERT INTO ed_db.student (std_id, std_address, std_email, std_name, std_nationality, std_password, std_sex, std_surname, std_username) VALUES (13, '7 Briar Crest Alley', 'gavisonc@ucoz.com', 'Glennie', 'United States', '$2a$10$PaIgKI8CwaMlsHN15s.2nuQiBtFLUDqxfSr/bAG/uWp/h5u8BCcYS', 0, 'Avison', 'gavisonc'); /* zhElJVIp */
INSERT INTO ed_db.student (std_id, std_address, std_email, std_name, std_nationality, std_password, std_sex, std_surname, std_username) VALUES (14, '005 Westport Street', 'cminchellad@barnesandnoble.com', 'Cariotta', 'Portugal', '$2a$10$keHaFs24Twyfc5.ytq092uA5LZbbfYqoh84lGD7h5mSOgJk0wcuZe', 1, 'Minchella', 'cminchellad'); /* gDQWGRU */
INSERT INTO ed_db.student (std_id, std_address, std_email, std_name, std_nationality, std_password, std_sex, std_surname, std_username) VALUES (15, '550 Manley Hill', 'msimmanke@va.gov', 'Mona', 'Indonesia', '$2a$10$rEq4LXtMdESLIOLAmYqtUewair6ERytANwOOzK6t9fH/9YmFQOdG.', 0, 'Simmank', 'msimmanke'); /* LE77KHLnunq */
INSERT INTO ed_db.student (std_id, std_address, std_email, std_name, std_nationality, std_password, std_sex, std_surname, std_username) VALUES (16, '9574 Shopko Circle', 'claverf@last.fm', 'Cobby', 'Tunisia', '$2a$10$ITQ0cL4aV2i6Wp1jRzukB.DseQk3XEbgslbWdGbfqQ3FfKREofTIC', 1, 'Laver', 'claverf'); /* 5cOZgFFlIBS */
INSERT INTO ed_db.student (std_id, std_address, std_email, std_name, std_nationality, std_password, std_sex, std_surname, std_username) VALUES (17, '9 Barby Street', 'yduthieg@arstechnica.com', 'Yoko', 'China', '$2a$10$3UDXFVgdEh47TvvkqXOLo.ODrDAGSjkIm/zSZWsT4.hANdXFOt5jy', 1, 'Duthie', 'yduthieg'); /* 2MJScNI */
INSERT INTO ed_db.student (std_id, std_address, std_email, std_name, std_nationality, std_password, std_sex, std_surname, std_username) VALUES (18, '771 Hollow Ridge Hill', 'plyesh@jalbum.net', 'Porter', 'Indonesia', '$2a$10$WduCwPg2CP.xlTv0mdNzqOxtFAf2xeQ/FM5.g9du34lqS61iPHk0K', 1, 'Lyes', 'plyesh'); /* 0NZDEC */
INSERT INTO ed_db.student (std_id, std_address, std_email, std_name, std_nationality, std_password, std_sex, std_surname, std_username) VALUES (19, '96698 Birchwood Trail', 'arogeti@theglobeandmail.com', 'Anderson', 'Philippines', '$2a$10$cxnDTC7t4iRfRhLqcnZboOpSPQK/KirbdiRLUziwXIJ8KCJaNbhp6', 1, 'Roget', 'arogeti'); /* 8HXDswI2TIG */
INSERT INTO ed_db.student (std_id, std_address, std_email, std_name, std_nationality, std_password, std_sex, std_surname, std_username) VALUES (20, '8546 Kensington Court', 'kangierj@blogger.com', 'Kimberley', 'China', '$2a$10$O3y4xOjBjnHAGZZApL3TaOD735xhl1DvudkllvsfsQ69jCT7U3yp6', 1, 'Angier', 'kangierj'); /* bezlp4 */
INSERT INTO ed_db.student (std_id, std_address, std_email, std_name, std_nationality, std_password, std_sex, std_surname, std_username) VALUES (21, '4554 Merchant Point', 'aallrightk@amazon.com', 'Aldon', 'Vietnam', '$2a$10$fjmhgKlXvTZezWRDPPp4cubaWQs/0Hn3Ec4eQVe0/2o0dvPt4gO3a', 1, 'Allright', 'aallrightk'); /* pI2IXzXn */
INSERT INTO ed_db.student (std_id, std_address, std_email, std_name, std_nationality, std_password, std_sex, std_surname, std_username) VALUES (22, '8095 Sunnyside Parkway', 'dridgerl@issuu.com', 'Duff', 'Palestine', '$2a$10$X9VhIS.TNEAghh2wD/JFLOZDyrAS3o6K2JyUNDw38WI1/e.mL1PiG', 0, 'Ridger', 'dridgerl'); /* dAOlgVO */
INSERT INTO ed_db.student (std_id, std_address, std_email, std_name, std_nationality, std_password, std_sex, std_surname, std_username) VALUES (23, '15321 Forest Park', 'gkelloughm@hostgator.com', 'Gabriell', 'Indonesia', '$2a$10$uG3UxZgNDkVU6KJTCG0Mv.svGoZDscdPwCJFX8qBFNPEHJn6YLQiO', 0, 'Kellough', 'gkelloughm'); /* hmcdkGF */
INSERT INTO ed_db.student (std_id, std_address, std_email, std_name, std_nationality, std_password, std_sex, std_surname, std_username) VALUES (24, '84 Heath Point', 'mwebenn@webs.com', 'Madella', 'Philippines', '$2a$10$N7EC8K7NL/0jDxdhXZfG4ufM1IMbpUKp5shAh1HLTpVHHXS7EXuy6', 1, 'Weben', 'mwebenn'); /* Fs5SzWRnRh */
INSERT INTO ed_db.student (std_id, std_address, std_email, std_name, std_nationality, std_password, std_sex, std_surname, std_username) VALUES (25, '56226 Judy Crossing', 'cdodsleyo@t.co', 'Carlin', 'United States', '$2a$10$ebqqaBRvrTzvsm/lJ9OT7uxrAsf5uCCZphE0VTZO9Db3mXRwgfV7m', 1, 'Dodsley', 'cdodsleyo'); /* AzgS2DMm */
INSERT INTO ed_db.student (std_id, std_address, std_email, std_name, std_nationality, std_password, std_sex, std_surname, std_username) VALUES (26, '476 Milwaukee Place', 'rmaultp@elegantthemes.com', 'Rubin', 'Sweden', '$2a$10$/kIudkxdAZUflbLkPrd34eUrD3toFjHF3RnBKuezhT.LLaJVZLVw.', 1, 'Mault', 'rmaultp'); /* SmAFKU4CBG */
INSERT INTO ed_db.student (std_id, std_address, std_email, std_name, std_nationality, std_password, std_sex, std_surname, std_username) VALUES (27, '229 Anzinger Hill', 'amaddickq@surveymonkey.com', 'Arnold', 'Netherlands', '$2a$10$EEO9BJDKkLf9JQ1RXWoyweu5KSD/RmhyapAbcnRrnEACuwK6crm4i', 0, 'Maddick', 'amaddickq'); /* dVPnS0w */
INSERT INTO ed_db.student (std_id, std_address, std_email, std_name, std_nationality, std_password, std_sex, std_surname, std_username) VALUES (28, '62129 Waubesa Lane', 'wpickerillr@miibeian.gov.cn', 'Worthington', 'Indonesia', '$2a$10$CXW/cwrR1TPJCbR91raPBODXUykDN3MmtKznqLc7b1M02d81I5yau', 1, 'Pickerill', 'wpickerillr'); /* ESqXqMYwf */
INSERT INTO ed_db.student (std_id, std_address, std_email, std_name, std_nationality, std_password, std_sex, std_surname, std_username) VALUES (29, '8350 Dennis Avenue', 'ihammers@auda.org.au', 'Idalina', 'Croatia', '$2a$10$chbVC1bsSTMyBnRQ4JnE5.de99Ega2nqwjsUAZuoKSfb2XiLnumfe', 1, 'Hammer', 'ihammers'); /* mpvvzFMhC */
INSERT INTO ed_db.student (std_id, std_address, std_email, std_name, std_nationality, std_password, std_sex, std_surname, std_username) VALUES (30, '55 Mifflin Point', 'dbercevelot@cloudflare.com', 'Doreen', 'China', '$2a$10$Nn7JEpvtcEEBOQNA0qtc2eKzx2nyQrJKOnBKvdh.HDi2f/5JUZvOi', 0, 'Bercevelo', 'dbercevelot'); /* 50EnsQo */
INSERT INTO ed_db.student (std_id, std_address, std_email, std_name, std_nationality, std_password, std_sex, std_surname, std_username) VALUES (31, '85690 Birchwood Park', 'jzipsellu@163.com', 'Jimmie', 'Sudan', '$2a$10$s7367/nH7lazUGZJ9H3uyehdb4SwGeg/PgLjAs2q9qj40G8g4wxdq', 1, 'Zipsell', 'jzipsellu'); /* 3q0COo */
INSERT INTO ed_db.student (std_id, std_address, std_email, std_name, std_nationality, std_password, std_sex, std_surname, std_username) VALUES (32, '21 Doe Crossing Trail', 'tcastillov@jiathis.com', 'Trescha', 'Yemen', '$2a$10$J4mxT5.sYEjnqeG4xmy42eutR22/5mIdcuJuW1b3DyXBX4GqNRxnC', 1, 'Castillo', 'tcastillov'); /* KbWlOjdw */
INSERT INTO ed_db.student (std_id, std_address, std_email, std_name, std_nationality, std_password, std_sex, std_surname, std_username) VALUES (33, '2275 Steensland Parkway', 'adunseathw@digg.com', 'Angelina', 'Indonesia', '$2a$10$RsOpZcfA0iQd3AEerT32sOXrgN01VuGnOEAiWDothdBaC2kS34SRi', 1, 'Dunseath', 'adunseathw'); /* WCuSDo */
INSERT INTO ed_db.student (std_id, std_address, std_email, std_name, std_nationality, std_password, std_sex, std_surname, std_username) VALUES (34, '3 Kensington Alley', 'tblabiex@newsvine.com', 'Tiphanie', 'Peru', '$2a$10$RNJggPIl8uVnCT0bhh/QleibHFabGa4UYNQZeOic9/AIKI3DoyhLy', 1, 'Blabie', 'tblabiex'); /* 8WfnAg01p */
INSERT INTO ed_db.student (std_id, std_address, std_email, std_name, std_nationality, std_password, std_sex, std_surname, std_username) VALUES (35, '70 Welch Court', 'dayarsy@reference.com', 'Desiri', 'Poland', '$2a$10$rHza8.ujnRlVfjo3ThxRwOJogyRxQdI2Ft8rWm/FIu5Bq/v.M5.Fa', 1, 'Ayars', 'dayarsy'); /* FSoGxndDI7Z */
INSERT INTO ed_db.student (std_id, std_address, std_email, std_name, std_nationality, std_password, std_sex, std_surname, std_username) VALUES (36, '9 Maywood Point', 'bwarnerz@hostgator.com', 'Blondell', 'France', '$2a$10$r.TkNkpv7Ixn6Bf4bcYXxewyS8ViS2/yrnVkq9iYRwDfSujMh78OW', 0, 'Warner', 'bwarnerz'); /* Dwq9PG8 */
INSERT INTO ed_db.student (std_id, std_address, std_email, std_name, std_nationality, std_password, std_sex, std_surname, std_username) VALUES (37, '83 Gulseth Pass', 'bhaibel10@cam.ac.uk', 'Boycie', 'Afghanistan', '$2a$10$sjFU5F7qQWGSyFWtzFOnNOtG4NNCk4SUkqQjSpxA237rtTXjaCiBK', 0, 'Haibel', 'bhaibel10'); /* CUAnWt */
INSERT INTO ed_db.student (std_id, std_address, std_email, std_name, std_nationality, std_password, std_sex, std_surname, std_username) VALUES (38, '76 Crowley Hill', 'oyendall11@t-online.de', 'Obie', 'Nigeria', '$2a$10$765d/FHqrZ3xeCfzdhuLgudhezXOH5iuSiS4UcsfJ1Pv27Pflcs6y', 0, 'Yendall', 'oyendall11'); /* qHS0cUvO */
INSERT INTO ed_db.student (std_id, std_address, std_email, std_name, std_nationality, std_password, std_sex, std_surname, std_username) VALUES (39, '3 Calypso Hill', 'mbudd12@yolasite.com', 'Marta', 'Philippines', '$2a$10$W7F391.kbWb9yaNGC1g6L./4QI3Lxhh6FE6j3de/khqprTYeujbou', 0, 'Budd', 'mbudd12'); /* 8aAt5bPxbC */
INSERT INTO ed_db.student (std_id, std_address, std_email, std_name, std_nationality, std_password, std_sex, std_surname, std_username) VALUES (40, '292 Lyons Junction', 'slummus13@cmu.edu', 'Sarge', 'Poland', '$2a$10$YrZwD2A/NCpwsdUIfT32i.d8O3sO7dxAVF.vPjEmAXoXCt0NKPNHu', 1, 'Lummus', 'slummus13'); /* GAJOanHjbW */
INSERT INTO ed_db.student (std_id, std_address, std_email, std_name, std_nationality, std_password, std_sex, std_surname, std_username) VALUES (41, '5 Parkside Crossing', 'rmontford14@google.ca', 'Rosalyn', 'Cuba', '$2a$10$1wYwJBRgAG1a3UKJzcEap.4VtS8nVYNwa1CRFndOCQpxbYFKAvXR6', 1, 'Montford', 'rmontford14'); /* zvRMFfO1 */
INSERT INTO ed_db.student (std_id, std_address, std_email, std_name, std_nationality, std_password, std_sex, std_surname, std_username) VALUES (42, '9173 Lerdahl Pass', 'ebercher15@acquirethisname.com', 'Ellary', 'China', '$2a$10$yuzRzbcjmTQK8kwMzEMJ6OmnB7C8cRoaqRER9uRQCWfDPWiiJrcSG', 1, 'Bercher', 'ebercher15'); /* 3a10hkBuyjcS */
INSERT INTO ed_db.student (std_id, std_address, std_email, std_name, std_nationality, std_password, std_sex, std_surname, std_username) VALUES (43, '744 Sundown Court', 'gbatcock16@mashable.com', 'Gusti', 'Nigeria', '$2a$10$5x0GJTGS8qrQCgJiojRK.OpRRDMY4/vbQ0QQn/IhZS88X54d0iVqK', 0, 'Batcock', 'gbatcock16'); /* ObQDXlNE */
INSERT INTO ed_db.student (std_id, std_address, std_email, std_name, std_nationality, std_password, std_sex, std_surname, std_username) VALUES (44, '3984 Oxford Point', 'jmcadam17@hostgator.com', 'Jean', 'China', '$2a$10$qGVnQvdAAATaKVN9ljSdt.cjYWuYdt9sxrDArk4eqtTUY.CbKP3cK', 1, 'McAdam', 'jmcadam17'); /* bJCUI55 */
INSERT INTO ed_db.student (std_id, std_address, std_email, std_name, std_nationality, std_password, std_sex, std_surname, std_username) VALUES (45, '36 Hoepker Street', 'dmalan18@wp.com', 'Dru', 'Canada', '$2a$10$xYd3aKex3ZQfI1PI2LXtWO0UsRiZHYxrTytptK9dZdKWIY9/BUdbq', 1, 'Malan', 'dmalan18'); /* unN2fY6N */
INSERT INTO ed_db.student (std_id, std_address, std_email, std_name, std_nationality, std_password, std_sex, std_surname, std_username) VALUES (46, '7331 Welch Trail', 'coliphard19@msn.com', 'Charlena', 'Brazil', '$2a$10$HuTzNfnVy8jMfrvjhqmzA./Vpjd5Uv0sCdhJjW/ebKowXZUc3ANMC', 1, 'Oliphard', 'coliphard19'); /* 4p26SYepN6n */
INSERT INTO ed_db.student (std_id, std_address, std_email, std_name, std_nationality, std_password, std_sex, std_surname, std_username) VALUES (47, '53754 Granby Place', 'jverbeek1a@nyu.edu', 'Janeva', 'Malaysia', '$2a$10$XDvEw7AJ8JOQc6ek48CAz.6GhGAL3bAPCGKfh9C4XH0ZBj92AN6cO', 0, 'Verbeek', 'jverbeek1a'); /* BpTCW024kP */
INSERT INTO ed_db.student (std_id, std_address, std_email, std_name, std_nationality, std_password, std_sex, std_surname, std_username) VALUES (48, '5974 Westend Drive', 'kfoden1b@jimdo.com', 'Kelcie', 'China', '$2a$10$vmY1ppWWNgGqG/7c2NpIHe7KvRLnPhANneq2vgafpV7ncfSvbXLta', 1, 'Foden', 'kfoden1b'); /* dZwGkQSaZFn */
INSERT INTO ed_db.student (std_id, std_address, std_email, std_name, std_nationality, std_password, std_sex, std_surname, std_username) VALUES (49, '798 Lillian Street', 'aberetta1c@shareasale.com', 'Ami', 'China', '$2a$10$cSuNHDuqjEASz4e4L/gewum/zZ3U5RSnfiaV0bRPLjwwDDA19R86i', 0, 'Beretta', 'aberetta1c'); /* SiTKnP4 */
INSERT INTO ed_db.student (std_id, std_address, std_email, std_name, std_nationality, std_password, std_sex, std_surname, std_username) VALUES (50, '64242 Goodland Plaza', 'dind1d@squidoo.com', 'Darlleen', 'Indonesia', '$2a$10$w8vYNmEKS28OTAnC/lPHWuG8bOXaGBi.6jIuxmalSKKQHzY0TESQS', 1, 'Ind', 'dind1d'); /* 1pNhEjDubk */
INSERT INTO ed_db.student (std_id, std_address, std_email, std_name, std_nationality, std_password, std_sex, std_surname, std_username) VALUES (51, '0 South Way', 'lhowlings1e@usa.gov', 'Lonny', 'China', '$2a$10$cAMCk.MDlBpRwF5xaXFdUe5fZGmdAyC9JyBu8b4WxP.LPRsy.UoZW', 1, 'Howlings', 'lhowlings1e'); /* Sdvc0mChEKZ */
INSERT INTO ed_db.student (std_id, std_address, std_email, std_name, std_nationality, std_password, std_sex, std_surname, std_username) VALUES (52, '4 Susan Parkway', 'bbellwood1f@answers.com', 'Brien', 'Philippines', '$2a$10$y3Kx8Johzwp7k1ps.85GX.qYY49r2FQ/B9L5DfJ9W0LrHeZfj8XxK', 1, 'Bellwood', 'bbellwood1f'); /* JGAHmMI3O8 */
INSERT INTO ed_db.student (std_id, std_address, std_email, std_name, std_nationality, std_password, std_sex, std_surname, std_username) VALUES (53, '2167 Vahlen Terrace', 'eletixier1g@google.ca', 'Edlin', 'Sri Lanka', '$2a$10$KXgwl.NjKr0L/TVZeOliouaVp5GU3NK00nyOd2TgKoZyocQQ.GXdG', 1, 'Letixier', 'eletixier1g'); /* qv7JCVmtZE2B */
INSERT INTO ed_db.student (std_id, std_address, std_email, std_name, std_nationality, std_password, std_sex, std_surname, std_username) VALUES (54, '88 South Plaza', 'zlefwich1h@last.fm', 'Zebulon', 'China', '$2a$10$kLkc00gJX75z2pqhG5h8.uoL8d6gpnPBzCi8tycVTc0bLn1Qcr4pS', 1, 'Lefwich', 'zlefwich1h'); /* jmygCLr */
INSERT INTO ed_db.student (std_id, std_address, std_email, std_name, std_nationality, std_password, std_sex, std_surname, std_username) VALUES (55, '78093 Southridge Park', 'rdale1i@china.com.cn', 'Roby', 'Azerbaijan', '$2a$10$hmbnRawLWxRDIbwxu0WNk.04QMZhy6Z2gvYe0QBTFEauGNYtxGzXK', 1, 'Dale', 'rdale1i'); /* dFQmeK5w33 */
INSERT INTO ed_db.student (std_id, std_address, std_email, std_name, std_nationality, std_password, std_sex, std_surname, std_username) VALUES (56, '5786 Fremont Road', 'cbottini1j@aboutads.info', 'Cthrine', 'Uganda', '$2a$10$z2bAFjnhET5gc3.cy8U8POg5nMknnDr/Qeex.YSClM8TSNKUwDYRu', 0, 'Bottini', 'cbottini1j'); /* BKAg8MS */
INSERT INTO ed_db.student (std_id, std_address, std_email, std_name, std_nationality, std_password, std_sex, std_surname, std_username) VALUES (57, '950 Florence Circle', 'jlutz1k@hhs.gov', 'Janka', 'Russia', '$2a$10$8cWHjq5fr7nyyhorU5d8r.teJgdizIG1i0UYNFheHoLAZF85/eXtq', 1, 'Lutz', 'jlutz1k'); /* ZXTac6Df */
INSERT INTO ed_db.student (std_id, std_address, std_email, std_name, std_nationality, std_password, std_sex, std_surname, std_username) VALUES (58, '4521 Petterle Plaza', 'bclynter1l@ibm.com', 'Bradney', 'Portugal', '$2a$10$w3RmOR0.jrpwbW0AYjNYx.447XQG0ZH6yWIbzfYDX4rqiTlboljC6', 0, 'Clynter', 'bclynter1l'); /* EiGKFAKIpCU */
INSERT INTO ed_db.student (std_id, std_address, std_email, std_name, std_nationality, std_password, std_sex, std_surname, std_username) VALUES (59, '3 Arapahoe Alley', 'tscamerdine1m@oracle.com', 'Thaine', 'China', '$2a$10$zcQAwTXbSpy8IHTVOo49YOFdyBRHuizya6GC6VybXd5EyhII6TWy.', 1, 'Scamerdine', 'tscamerdine1m'); /* 63281CkTReA */
INSERT INTO ed_db.student (std_id, std_address, std_email, std_name, std_nationality, std_password, std_sex, std_surname, std_username) VALUES (60, '7 Stone Corner Parkway', 'sdedden1n@seesaa.net', 'Stanley', 'Afghanistan', '$2a$10$NnZz3YDfYpm28aZtPT/r/./KiMbHyFIjEwhNQj/TeCP5nzj.VWbGa', 1, 'Dedden', 'sdedden1n'); /* RCD3CXFps3pr */
INSERT INTO ed_db.student (std_id, std_address, std_email, std_name, std_nationality, std_password, std_sex, std_surname, std_username) VALUES (61, '32580 Bellgrove Pass', 'ipass1o@ucoz.ru', 'Ilene', 'Philippines', '$2a$10$8xqwTtpQxfT0KbABfIktueCriTXVq.ek2cQTwvrhSeXpkmAdmvJB6', 0, 'Pass', 'ipass1o'); /* dcXO4oDDq */
INSERT INTO ed_db.student (std_id, std_address, std_email, std_name, std_nationality, std_password, std_sex, std_surname, std_username) VALUES (62, '02789 Hanover Terrace', 'fmclernon1p@tripadvisor.com', 'Frasco', 'China', '$2a$10$Jvq1xk7sjTJ0pbzxeD7ZmOSdgnR.7qA/6D.wF.y3hQd/QAXR3xqKm', 0, 'McLernon', 'fmclernon1p'); /* LqKjFTI */
INSERT INTO ed_db.student (std_id, std_address, std_email, std_name, std_nationality, std_password, std_sex, std_surname, std_username) VALUES (63, '5 Westend Circle', 'rrazzell1q@aboutads.info', 'Rodger', 'China', '$2a$10$qaXd0Ea4SpsBTD/SjT421..I6wYLoru5lqsRJASV6BPsEFCbsNxRu', 0, 'Razzell', 'rrazzell1q'); /* aWB7tE0TJ */
INSERT INTO ed_db.student (std_id, std_address, std_email, std_name, std_nationality, std_password, std_sex, std_surname, std_username) VALUES (64, '665 Jenna Drive', 'anolli1r@redcross.org', 'Antone', 'Nigeria', '$2a$10$VRCuTyaBKXCgHfTVZ4pcHOkXd9.mGSUqXeZM2ArrYfddV9QS01f2e', 1, 'Nolli', 'anolli1r'); /* 0N8v895k */
INSERT INTO ed_db.student (std_id, std_address, std_email, std_name, std_nationality, std_password, std_sex, std_surname, std_username) VALUES (65, '08155 Heath Alley', 'bfattori1s@over-blog.com', 'Bo', 'Vietnam', '$2a$10$glkpjZ8nJlntmTlu9xttkuXrl9mpJop9tXK0/1.DUQus5hJQrZerC', 0, 'Fattori', 'bfattori1s'); /* wttRZI0uVRB */
INSERT INTO ed_db.student (std_id, std_address, std_email, std_name, std_nationality, std_password, std_sex, std_surname, std_username) VALUES (66, '715 John Wall Alley', 'cwickett1t@acquirethisname.com', 'Chloe', 'Czech Republic', '$2a$10$LTS.4L3Ugbf47aIbEkmQ3.ZUGtI03iufPt/1eFGjWrTlpoxhvjVZW', 1, 'Wickett', 'cwickett1t'); /* vPCJ9PI */
INSERT INTO ed_db.student (std_id, std_address, std_email, std_name, std_nationality, std_password, std_sex, std_surname, std_username) VALUES (67, '857 Luster Center', 'nblankenship1u@unc.edu', 'Nicoline', 'Nicaragua', '$2a$10$2QTkSk13Kax69CSLxjgqR.ccbe8VVzuC57HXmZ956qTKdgftPort6', 1, 'Blankenship', 'nblankenship1u'); /* JzfkuYVoO1N */
INSERT INTO ed_db.student (std_id, std_address, std_email, std_name, std_nationality, std_password, std_sex, std_surname, std_username) VALUES (68, '00 Sommers Drive', 'jfriese1v@ftc.gov', 'Jesse', 'Cameroon', '$2a$10$ab1.HDUXWrpBaUh6RVJpGeNNlKwKqS/SvA4afE/lyS89HIBzFXVt2', 0, 'Friese', 'jfriese1v'); /* zvenRFW60sSa */
INSERT INTO ed_db.student (std_id, std_address, std_email, std_name, std_nationality, std_password, std_sex, std_surname, std_username) VALUES (69, '232 Susan Terrace', 'abullerwell1w@shareasale.com', 'Aubry', 'South Korea', '$2a$10$4tp.bRbMYEwmOxDkE.0lieBabwSaagBq1XElz7lVYYthK7/3.J2Me', 1, 'Bullerwell', 'abullerwell1w'); /* KL6uzhGrQcJu */
INSERT INTO ed_db.student (std_id, std_address, std_email, std_name, std_nationality, std_password, std_sex, std_surname, std_username) VALUES (70, '6310 Garrison Trail', 'gdenyukhin1x@sohu.com', 'Glenn', 'Indonesia', '$2a$10$HHiF0LdoRBwEW67Qz44Lwu9LvoIcAzJqzaYPmZWqYeXTxGoYL/WVS', 1, 'Denyukhin', 'gdenyukhin1x'); /* lqMnzHf */
INSERT INTO ed_db.student (std_id, std_address, std_email, std_name, std_nationality, std_password, std_sex, std_surname, std_username) VALUES (71, '9 Tomscot Pass', 'khawkes1y@tamu.edu', 'Kassia', 'Thailand', '$2a$10$/Bi/Mmimtt7/ep7Q2tF3iuIF9HZW7E.yrg2WUI8KHCFinpnpqyK2O', 0, 'Hawkes', 'khawkes1y'); /* 61t8nfNaOk */
INSERT INTO ed_db.student (std_id, std_address, std_email, std_name, std_nationality, std_password, std_sex, std_surname, std_username) VALUES (72, '33 Erie Hill', 'fwittleton1z@google.ru', 'Francene', 'Russia', '$2a$10$1lO2j6bX0kxAmcCAXPrCU.jmg8ublYI7rvYsl8FEcjkcdXqXM/GRK', 1, 'Wittleton', 'fwittleton1z'); /* irBWspPKbQn */
INSERT INTO ed_db.student (std_id, std_address, std_email, std_name, std_nationality, std_password, std_sex, std_surname, std_username) VALUES (73, '680 Hayes Way', 'mogeneay20@webs.com', 'Murielle', 'Portugal', '$2a$10$XIUz6HI4U7dgLgnJLDXP.ONR.SZq0Av4rRrTepZ5D42qzpdeq7QbC', 0, 'O''Geneay', 'mogeneay20'); /* smZicANkr */
INSERT INTO ed_db.student (std_id, std_address, std_email, std_name, std_nationality, std_password, std_sex, std_surname, std_username) VALUES (74, '590 Pearson Plaza', 'spitkeathley21@networksolutions.com', 'Stacy', 'China', '$2a$10$DtUWXwUqZ1TQuagSsXDs5el7scVuWulpJ0bbmI1DwobzaNpTLFCpq', 1, 'Pitkeathley', 'spitkeathley21'); /* qkVd2O7R8 */
INSERT INTO ed_db.student (std_id, std_address, std_email, std_name, std_nationality, std_password, std_sex, std_surname, std_username) VALUES (75, '03 Stephen Pass', 'cflecknoe22@amazon.com', 'Clayton', 'Malaysia', '$2a$10$/tDt8DGrLCeNK9WY7i3QBOzbw4SO6dJK5aCS.DSEmx2LALaykIxSm', 0, 'Flecknoe', 'cflecknoe22'); /* oiCwmXWPUBtS */
INSERT INTO ed_db.student (std_id, std_address, std_email, std_name, std_nationality, std_password, std_sex, std_surname, std_username) VALUES (76, '180 Scoville Parkway', 'jwheadon23@earthlink.net', 'Jeniffer', 'Sweden', '$2a$10$Wb92BjZPP1sRRiTg/DQGzOSOwgdIYXU/BdcJLs3oYgRVVpKvQV3ky', 0, 'Wheadon', 'jwheadon23'); /* P06sj7 */
INSERT INTO ed_db.student (std_id, std_address, std_email, std_name, std_nationality, std_password, std_sex, std_surname, std_username) VALUES (77, '342 Blue Bill Park Drive', 'tgates24@shop-pro.jp', 'Teresita', 'Ukraine', '$2a$10$ySi/.p31fK6aIk5H6U4.6OU5SKjtGJjSMm7gzZ1WxEkFg8OeVotUq', 1, 'Gates', 'tgates24'); /* Lumr61qy */
INSERT INTO ed_db.student (std_id, std_address, std_email, std_name, std_nationality, std_password, std_sex, std_surname, std_username) VALUES (78, '95 Arizona Parkway', 'zmeeke25@skype.com', 'Zia', 'Cuba', '$2a$10$/uFVorWqKI7Vhn6ZoBKBBuqWyTQ.jBUe/Lt/kw9uZ4aY1FNBD8IHG', 1, 'Meeke', 'zmeeke25'); /* YnwqnYL */
INSERT INTO ed_db.student (std_id, std_address, std_email, std_name, std_nationality, std_password, std_sex, std_surname, std_username) VALUES (79, '0786 Superior Lane', 'lbrokenshaw26@wiley.com', 'Lizbeth', 'Indonesia', '$2a$10$JJgRz4CoPWNpBloNxRsdh.dzUzFFoJ4x0fXqZgosv8jSWnu88NBT6', 1, 'Brokenshaw', 'lbrokenshaw26'); /* O57W8Y5tuBOs */
INSERT INTO ed_db.student (std_id, std_address, std_email, std_name, std_nationality, std_password, std_sex, std_surname, std_username) VALUES (80, '00933 Arapahoe Drive', 'vscatchar27@squarespace.com', 'Vilma', 'Russia', '$2a$10$mXUMhAuCjYqRM/.DjRn6nOgx5L.Fz4ls.jTXZ39mxIO7tUlQdqfGK', 1, 'Scatchar', 'vscatchar27'); /* iHu83ZrX2C */
INSERT INTO ed_db.student (std_id, std_address, std_email, std_name, std_nationality, std_password, std_sex, std_surname, std_username) VALUES (81, '0 Hansons Center', 'msicha28@photobucket.com', 'Malynda', 'Palestine', '$2a$10$.VOKHFoZMIdiQqPlnxiH/OVJz3QwuOKYGdTTRk8ed7zE47C15UXIS', 0, 'Sicha', 'msicha28'); /* giGhY8r */
INSERT INTO ed_db.student (std_id, std_address, std_email, std_name, std_nationality, std_password, std_sex, std_surname, std_username) VALUES (82, '6 Anzinger Center', 'gbeharrell29@wordpress.com', 'Gabey', 'Sweden', '$2a$10$mQv9Ojj2HI03hxzOoHjbbOzTV2gbeSuaUmv25dno3CrdyXdjo.272', 0, 'Beharrell', 'gbeharrell29'); /* G9aNT5Tsj */
INSERT INTO ed_db.student (std_id, std_address, std_email, std_name, std_nationality, std_password, std_sex, std_surname, std_username) VALUES (83, '76489 Calypso Court', 'fmathieson2a@myspace.com', 'Felice', 'Burkina Faso', '$2a$10$AG9OdXs2tbWjhgbrg0t2RO.5k/GaevcTREEa7/tBgL48K4IXVG9.2', 0, 'Mathieson', 'fmathieson2a'); /* SUat8wpt */
INSERT INTO ed_db.student (std_id, std_address, std_email, std_name, std_nationality, std_password, std_sex, std_surname, std_username) VALUES (84, '90 Shasta Avenue', 'sromayne2b@patch.com', 'Salomone', 'Philippines', '$2a$10$MxpDYLVVd5ks4uOL4RdjUOGCIy7VGAj6Dn/vQjNdIxE5n88MW5PxK', 1, 'Romayne', 'sromayne2b'); /* I6QUd3Lfi */
INSERT INTO ed_db.student (std_id, std_address, std_email, std_name, std_nationality, std_password, std_sex, std_surname, std_username) VALUES (85, '803 Golf Course Point', 'mdepper2c@newsvine.com', 'Mace', 'China', '$2a$10$RvRdPrrezTd0uVw9KTQIe.bljJDNV.8H.OH8P0SngNfMB15E6SGWm', 1, 'Depper', 'mdepper2c'); /* K7XRoOeY */
INSERT INTO ed_db.student (std_id, std_address, std_email, std_name, std_nationality, std_password, std_sex, std_surname, std_username) VALUES (86, '37235 Kensington Terrace', 'tdahmel2d@cnn.com', 'Teodorico', 'Panama', '$2a$10$KGPnOnDRhX.a8o70oxDB0ullk2B24v.XlA1atPHkSOnndwT.jwjUq', 1, 'Dahmel', 'tdahmel2d'); /* LU01WGLQvamK */
INSERT INTO ed_db.student (std_id, std_address, std_email, std_name, std_nationality, std_password, std_sex, std_surname, std_username) VALUES (87, '20 Merrick Drive', 'vstutard2e@usnews.com', 'Vivianne', 'Brazil', '$2a$10$rhjHirXjap6SnLcUuDQEyu2vRuzWEPvrATJ/WkK8ksKm7fdX7bVqK', 0, 'Stutard', 'vstutard2e'); /* OQZej4nW1ABs */
INSERT INTO ed_db.student (std_id, std_address, std_email, std_name, std_nationality, std_password, std_sex, std_surname, std_username) VALUES (88, '2004 Milwaukee Crossing', 'ssoloway2f@flavors.me', 'Syman', 'Poland', '$2a$10$tL5.xkNWXiS3AboHOaKJgu1H5QfmlWE7xjey6TUt6EvaZagM4AyvS', 0, 'Soloway', 'ssoloway2f'); /* 4SxRq7iOZsk */
INSERT INTO ed_db.student (std_id, std_address, std_email, std_name, std_nationality, std_password, std_sex, std_surname, std_username) VALUES (89, '2534 Talmadge Circle', 'glidgate2g@alexa.com', 'Gustavus', 'Chile', '$2a$10$SUbyA2xjxkkaMo5fpgzcV.yoX8AhuLvMYOdKSdIhLbwtUpHws1gL2', 0, 'Lidgate', 'glidgate2g'); /* xeZb7FwFEN */
INSERT INTO ed_db.student (std_id, std_address, std_email, std_name, std_nationality, std_password, std_sex, std_surname, std_username) VALUES (90, '6790 Village Alley', 'rsketcher2h@oakley.com', 'Reggy', 'Mexico', '$2a$10$KpocY70unwt/tDqJd.C3heDK5hRM80sCSHScsiMpWsDZcaNQ7OCJS', 1, 'Sketcher', 'rsketcher2h'); /* wdL0VQkbxb */
INSERT INTO ed_db.student (std_id, std_address, std_email, std_name, std_nationality, std_password, std_sex, std_surname, std_username) VALUES (91, '52581 Jay Terrace', 'mmulqueeny2i@github.io', 'Monique', 'Philippines', '$2a$10$VIOLoBKA0Q9fOeZAREjqQe13CykCkI/CC/TIa8deCXOL6nppSyWZW', 0, 'Mulqueeny', 'mmulqueeny2i'); /* yYmfXSLWNUG */
INSERT INTO ed_db.student (std_id, std_address, std_email, std_name, std_nationality, std_password, std_sex, std_surname, std_username) VALUES (92, '44188 Gateway Alley', 'omaine2j@w3.org', 'Obadias', 'Indonesia', '$2a$10$iNlnVMwIOAmHlIaXCscu8ufwg/H24NI6OrvszAX30DeET25S4C0bO', 0, 'Maine', 'omaine2j'); /* eQIj3fo */
INSERT INTO ed_db.student (std_id, std_address, std_email, std_name, std_nationality, std_password, std_sex, std_surname, std_username) VALUES (93, '31 Sullivan Hill', 'gqueyos2k@hexun.com', 'Godart', 'China', '$2a$10$FF5qjHzAPHJrmIzmBeC7VeG3ew3WUIw3KIRCGOC.JUSFsYtcllXTa', 0, 'Queyos', 'gqueyos2k'); /* GgRem9PM91 */
INSERT INTO ed_db.student (std_id, std_address, std_email, std_name, std_nationality, std_password, std_sex, std_surname, std_username) VALUES (94, '2 Annamark Way', 'npoynor2l@facebook.com', 'Nisse', 'Philippines', '$2a$10$8nKfhXxhBVFVcDkhnmkNfO/AlYeLdSBp1AaeM6qaWN2L3nq3toHXO', 0, 'Poynor', 'npoynor2l'); /* E7rzAzQ */
INSERT INTO ed_db.student (std_id, std_address, std_email, std_name, std_nationality, std_password, std_sex, std_surname, std_username) VALUES (95, '37424 Ridge Oak Drive', 'dtabourier2m@yelp.com', 'Danni', 'Indonesia', '$2a$10$xv7IneOw2obz0ryhqrTsBug1AnRl4IDzQgfvBnZUdi9icEStT7P.a', 0, 'Tabourier', 'dtabourier2m'); /* uM6AOQ */
INSERT INTO ed_db.student (std_id, std_address, std_email, std_name, std_nationality, std_password, std_sex, std_surname, std_username) VALUES (96, '24099 Village Point', 'csprowles2n@list-manage.com', 'Crin', 'Montenegro', '$2a$10$bsk5UJtarq6VUytn0NQAbuLP7ijnC9NfNwT2yDiz1P0slPqRKugpK', 0, 'Sprowles', 'csprowles2n'); /* 9vlLVO6kqT */
INSERT INTO ed_db.student (std_id, std_address, std_email, std_name, std_nationality, std_password, std_sex, std_surname, std_username) VALUES (97, '6682 Pierstorff Avenue', 'fillyes2o@cisco.com', 'Floris', 'Japan', '$2a$10$0FTlORVee4oFUPKuCffFo..nJuZhWFE2cV3dTjmzOYYJf.DFuI7dC', 0, 'Illyes', 'fillyes2o'); /* fnmBjFO */
INSERT INTO ed_db.student (std_id, std_address, std_email, std_name, std_nationality, std_password, std_sex, std_surname, std_username) VALUES (98, '5 Buell Court', 'scasotti2p@over-blog.com', 'Shirl', 'Indonesia', '$2a$10$i/98lLtHJ/GUibOrc5vZEeUo35TKL2HoHzPtcq74aYHSu.j0bpdpe', 0, 'Casotti', 'scasotti2p'); /* ub8FY4apa */
INSERT INTO ed_db.student (std_id, std_address, std_email, std_name, std_nationality, std_password, std_sex, std_surname, std_username) VALUES (99, '7 Cody Way', 'cbeney2q@vinaora.com', 'Claresta', 'Portugal', '$2a$10$adW0CmSNnb7c.S4nkyBQ.OrC9pVtwzwNKnf9BkxHoTnzBhW0GvUwK', 0, 'Beney', 'cbeney2q'); /* UcYmCllJ */
INSERT INTO ed_db.student (std_id, std_address, std_email, std_name, std_nationality, std_password, std_sex, std_surname, std_username) VALUES (100, '5711 Linden Court', 'mraffles2r@disqus.com', 'Marsh', 'France', '$2a$10$NUCvw8NWDZp2MBMEHqCO2Of/cGCRuhEYeQRl3Y/Pef3lVerQZjpiq', 0, 'Raffles', 'mraffles2r'); /* VUEc9q9Z */

insert into studentmodule (stmd_student_id, stmd_module_id, stmd_year, grade, stmd_semester) values
(18, 4, 2020, 0, 1),
(27, 1, 2020, 0, 2),
(54, 15, 2020, 0, 1),
(98, 5, 2020, 0, 2),
(42, 21, 2020, 0, 1),
(50, 14, 2020, 0, 1),
(40, 9, 2020, 0, 2),
(80, 16, 2020, 0, 1),
(22, 2, 2020, 0, 1),
(63, 9, 2020, 0, 1),
(42, 3, 2020, 0, 1),
(51, 20, 2020, 0, 2),
(4, 2, 2020, 0, 2),
(61, 8, 2020, 0, 1),
(48, 2, 2020, 0, 1),
(57, 8, 2020, 0, 1),
(57, 15, 2020, 0, 2),
(55, 19, 2020, 0, 1),
(24, 10, 2020, 0, 2),
(58, 1, 2020, 0, 2),
(72, 14, 2020, 0, 1),
(24, 2, 2020, 0, 1),
(6, 8, 2020, 0, 1),
(9, 20, 2020, 0, 2),
(23, 13, 2020, 0, 1),
(81, 3, 2020, 0, 2),
(34, 7, 2020, 0, 1),
(53, 13, 2020, 0, 2),
(8, 5, 2020, 0, 2),
(91, 17, 2020, 0, 2),
(68, 17, 2020, 0, 1),
(31, 11, 2020, 0, 2),
(26, 19, 2020, 0, 2),
(66, 18, 2020, 0, 1),
(30, 10, 2020, 0, 2),
(35, 5, 2020, 0, 1),
(44, 9, 2020, 0, 1),
(42, 9, 2020, 0, 2),
(18, 7, 2020, 0, 1),
(74, 13, 2020, 0, 2),
(71, 18, 2020, 0, 1),
(53, 14, 2020, 0, 2),
(97, 6, 2020, 0, 1),
(11, 8, 2020, 0, 1),
(46, 18, 2020, 0, 2),
(56, 15, 2020, 0, 1),
(82, 10, 2020, 0, 1),
(58, 16, 2020, 0, 1),
(43, 6, 2020, 0, 2),
(42, 7, 2020, 0, 2),
(51, 18, 2020, 0, 2),
(87, 13, 2020, 0, 2),
(65, 14, 2020, 0, 2),
(66, 15, 2020, 0, 1),
(85, 13, 2020, 0, 2),
(1, 2, 2020, 0, 1),
(2, 1, 2020, 0, 2),
(72, 12, 2020, 0, 2),
(4, 9, 2020, 0, 2),
(83, 21, 2020, 0, 1),
(87, 9, 2020, 0, 1),
(1, 14, 2020, 0, 2),
(55, 13, 2020, 0, 1),
(8, 4, 2020, 0, 2),
(84, 20, 2020, 0, 2),
(64, 6, 2020, 0, 1),
(60, 6, 2020, 0, 1),
(49, 16, 2020, 0, 1),
(5, 7, 2020, 0, 2),
(89, 10, 2020, 0, 1),
(5, 14, 2020, 0, 2),
(47, 17, 2020, 0, 2),
(97, 13, 2020, 0, 1),
(79, 15, 2020, 0, 2),
(75, 3, 2020, 0, 2),
(38, 10, 2020, 0, 2),
(28, 3, 2020, 0, 1),
(30, 16, 2020, 0, 1),
(67, 14, 2020, 0, 2),
(82, 2, 2020, 0, 2),
(66, 6, 2020, 0, 1),
(22, 17, 2020, 0, 2),
(41, 3, 2020, 0, 2),
(59, 3, 2020, 0, 2),
(33, 12, 2020, 0, 2),
(47, 15, 2020, 0, 1),
(35, 14, 2020, 0, 2),
(63, 7, 2020, 0, 2),
(78, 18, 2020, 0, 2),
(4, 5, 2020, 0, 2),
(59, 1, 2020, 0, 1),
(49, 6, 2020, 0, 1),
(100, 3, 2020, 0, 1),
(42, 11, 2020, 0, 1),
(63, 13, 2020, 0, 2),
(69, 16, 2020, 0, 2),
(78, 7, 2020, 0, 1),
(49, 2, 2020, 0, 1),
(55, 15, 2020, 0, 2),
(6, 21, 2017, 94.58, 2),
(95, 12, 2011, 36.44, 2),
(26, 4, 2018, 88.62, 2),
(76, 19, 2013, 26.17, 2),
(31, 21, 2015, 54.0, 2),
(66, 14, 2016, 95.98, 1),
(43, 20, 2010, 86.33, 2),
(67, 17, 2013, 70.08, 1),
(64, 18, 2013, 4.11, 1),
(87, 7, 2019, 37.85, 2),
(52, 17, 2011, 21.48, 1),
(24, 5, 2018, 65.21, 2),
(53, 17, 2019, 31.74, 2),
(24, 17, 2015, 26.12, 2),
(5, 2, 2013, 44.76, 2),
(69, 4, 2016, 54.44, 1),
(13, 10, 2011, 95.13, 1),
(63, 17, 2014, 78.57, 1),
(77, 18, 2012, 40.67, 1),
(31, 5, 2016, 16.37, 1),
(53, 12, 2011, 64.49, 2),
(12, 8, 2014, 3.76, 2),
(12, 3, 2018, 55.82, 1),
(17, 17, 2010, 90.71, 2),
(46, 19, 2016, 32.2, 2),
(38, 2, 2018, 39.7, 1),
(71, 10, 2016, 48.85, 2),
(15, 9, 2017, 67.11, 1),
(100, 21, 2017, 47.09, 1),
(92, 13, 2013, 87.25, 2),
(71, 6, 2012, 88.18, 1),
(57, 10, 2017, 44.68, 2),
(86, 20, 2012, 69.34, 1),
(42, 13, 2018, 2.05, 2),
(95, 2, 2016, 22.15, 2),
(35, 12, 2016, 70.47, 1),
(76, 11, 2016, 13.6, 1),
(74, 15, 2012, 84.82, 2),
(54, 3, 2018, 98.37, 2),
(40, 12, 2018, 81.59, 2),
(33, 17, 2018, 39.96, 2),
(85, 21, 2011, 42.03, 1),
(70, 21, 2011, 20.14, 1),
(100, 6, 2016, 82.53, 1),
(39, 17, 2013, 99.79, 2),
(38, 15, 2012, 17.24, 1),
(16, 4, 2014, 59.52, 1),
(3, 1, 2018, 2.73, 1),
(16, 20, 2012, 0.14, 1),
(39, 6, 2012, 46.73, 2),
(16, 3, 2011, 49.7, 2),
(76, 2, 2017, 21.71, 1),
(28, 21, 2016, 41.95, 1),
(24, 9, 2011, 89.04, 1),
(21, 5, 2018, 59.44, 2),
(89, 2, 2018, 29.01, 1),
(20, 4, 2017, 87.43, 1),
(33, 6, 2012, 43.73, 2),
(81, 17, 2012, 7.93, 1),
(29, 12, 2011, 89.86, 1),
(17, 11, 2019, 56.68, 2),
(63, 15, 2017, 45.01, 1),
(24, 8, 2018, 90.75, 2),
(45, 7, 2012, 88.56, 1),
(94, 20, 2013, 79.38, 1),
(19, 6, 2017, 3.46, 1),
(10, 5, 2019, 5.21, 1),
(32, 2, 2011, 75.2, 2),
(18, 8, 2013, 99.84, 2),
(65, 17, 2015, 38.6, 1),
(23, 2, 2010, 32.6, 2),
(94, 3, 2015, 74.98, 2),
(96, 1, 2019, 97.31, 2),
(98, 1, 2017, 2.78, 1),
(95, 20, 2019, 18.23, 1),
(81, 18, 2010, 79.79, 1),
(28, 13, 2010, 5.83, 1),
(5, 6, 2018, 32.01, 1),
(76, 3, 2019, 72.43, 1),
(11, 3, 2019, 55.79, 2),
(3, 15, 2014, 79.05, 2),
(77, 21, 2017, 24.09, 1),
(27, 14, 2011, 83.24, 1),
(63, 16, 2010, 76.77, 1),
(80, 20, 2012, 48.34, 2),
(67, 20, 2011, 91.22, 2),
(21, 14, 2016, 31.37, 2),
(28, 9, 2013, 53.01, 2),
(95, 18, 2018, 60.26, 1),
(83, 5, 2016, 5.19, 2),
(17, 20, 2014, 75.09, 2),
(97, 2, 2013, 63.31, 2),
(8, 13, 2017, 53.74, 1),
(17, 10, 2012, 21.05, 1),
(31, 7, 2015, 86.92, 2),
(46, 16, 2017, 76.82, 2),
(74, 4, 2017, 73.67, 2),
(68, 10, 2011, 43.16, 1),
(96, 4, 2016, 19.25, 1),
(76, 21, 2018, 38.6, 1),
(44, 20, 2010, 30.51, 2),
(12, 5, 2013, 45.18, 2),
(26, 3, 2016, 45.41, 1),
(37, 5, 2013, 4.67, 2),
(99, 16, 2010, 39.74, 2),
(98, 19, 2018, 66.91, 2),
(82, 14, 2015, 98.36, 1),
(56, 20, 2014, 12.99, 1),
(58, 8, 2010, 79.1, 2),
(90, 5, 2019, 9.02, 2),
(72, 3, 2019, 51.16, 1),
(85, 19, 2017, 20.49, 2),
(63, 1, 2018, 23.04, 2),
(33, 4, 2018, 85.99, 1),
(18, 16, 2012, 36.4, 2),
(15, 15, 2019, 58.8, 2),
(77, 5, 2010, 48.12, 1),
(35, 11, 2018, 0.98, 1),
(85, 9, 2013, 79.13, 2),
(33, 20, 2011, 1.21, 2),
(61, 9, 2013, 12.58, 1),
(15, 12, 2012, 11.86, 2),
(53, 16, 2010, 91.72, 1),
(40, 17, 2012, 13.64, 2),
(40, 19, 2011, 32.24, 2),
(47, 7, 2011, 91.66, 2),
(62, 6, 2013, 18.58, 1),
(13, 8, 2013, 75.63, 1),
(78, 16, 2016, 97.58, 1),
(4, 3, 2016, 86.01, 1),
(6, 19, 2017, 90.21, 1),
(40, 8, 2015, 9.99, 1),
(39, 18, 2016, 24.03, 2),
(71, 15, 2018, 64.25, 2),
(71, 11, 2019, 38.81, 2),
(68, 14, 2015, 26.41, 1),
(44, 21, 2019, 4.28, 2),
(45, 21, 2017, 66.17, 2),
(2, 3, 2019, 92.57, 2),
(62, 17, 2017, 56.43, 1),
(93, 14, 2014, 22.11, 1),
(34, 15, 2014, 88.7, 1),
(40, 7, 2019, 2.55, 1),
(73, 3, 2016, 78.99, 2),
(66, 13, 2015, 6.27, 2),
(34, 11, 2010, 10.99, 1),
(55, 4, 2013, 18.78, 2),
(37, 4, 2018, 12.88, 1),
(3, 18, 2014, 87.78, 1),
(86, 11, 2014, 23.55, 2),
(5, 10, 2010, 23.32, 2),
(14, 21, 2017, 34.11, 2),
(74, 18, 2011, 30.19, 2),
(53, 4, 2014, 54.82, 1),
(81, 7, 2015, 27.78, 1),
(51, 13, 2018, 43.89, 2),
(35, 4, 2018, 37.88, 1),
(6, 17, 2019, 39.54, 2),
(83, 4, 2010, 13.73, 2),
(63, 11, 2013, 82.47, 1),
(8, 9, 2014, 5.48, 2),
(41, 20, 2019, 48.27, 1),
(14, 3, 2013, 26.8, 2),
(92, 8, 2012, 25.43, 2),
(79, 16, 2014, 24.84, 1),
(38, 19, 2013, 77.98, 2),
(71, 21, 2016, 94.71, 1),
(20, 9, 2011, 37.71, 2),
(15, 19, 2011, 21.13, 2),
(27, 12, 2017, 80.11, 2),
(75, 13, 2014, 27.8, 1),
(20, 20, 2015, 86.91, 2),
(78, 19, 2010, 38.49, 2),
(54, 2, 2010, 74.64, 1),
(39, 10, 2014, 99.73, 1),
(76, 14, 2010, 34.38, 1),
(70, 2, 2010, 3.29, 1),
(12, 16, 2019, 51.45, 2),
(50, 11, 2012, 7.48, 2),
(20, 2, 2012, 15.25, 1),
(91, 9, 2010, 49.11, 2),
(69, 13, 2011, 34.04, 2),
(43, 3, 2015, 81.62, 1),
(19, 8, 2016, 81.63, 2),
(90, 3, 2016, 68.21, 1),
(90, 4, 2012, 52.04, 2),
(100, 13, 2017, 20.0, 2),
(58, 7, 2016, 54.49, 2),
(55, 21, 2010, 82.79, 1),
(73, 10, 2019, 57.58, 2),
(26, 20, 2012, 88.63, 1),
(73, 14, 2011, 14.77, 2),
(53, 5, 2019, 44.9, 2),
(53, 2, 2016, 74.41, 1),
(14, 5, 2014, 18.45, 1),
(32, 8, 2016, 52.63, 2),
(41, 21, 2015, 50.14, 1),
(81, 8, 2019, 50.05, 1),
(4, 13, 2012, 69.32, 1),
(57, 3, 2012, 80.86, 1),
(100, 10, 2011, 29.49, 2),
(3, 20, 2010, 97.83, 1),
(49, 10, 2016, 7.82, 2),
(24, 11, 2011, 87.82, 1),
(61, 12, 2014, 41.04, 2),
(29, 17, 2010, 96.9, 2),
(6, 5, 2014, 72.22, 2),
(2, 2, 2019, 65.37, 1),
(36, 9, 2012, 39.33, 2),
(77, 8, 2013, 49.64, 1),
(89, 21, 2013, 88.7, 2),
(67, 18, 2010, 22.37, 1),
(78, 1, 2016, 4.96, 2),
(5, 21, 2018, 34.5, 2),
(82, 18, 2015, 4.75, 1),
(94, 21, 2012, 27.84, 2),
(22, 4, 2016, 20.71, 1),
(81, 13, 2019, 3.68, 1),
(53, 21, 2019, 82.23, 1),
(96, 10, 2013, 9.28, 1),
(78, 5, 2019, 33.31, 2),
(47, 3, 2014, 52.13, 2),
(23, 20, 2013, 69.09, 1),
(98, 7, 2015, 86.9, 2),
(92, 9, 2018, 13.93, 1),
(25, 2, 2011, 40.57, 1),
(83, 8, 2015, 35.13, 2),
(43, 8, 2011, 60.12, 1),
(67, 11, 2019, 49.65, 1),
(39, 2, 2016, 15.1, 2),
(51, 12, 2013, 97.76, 1),
(99, 4, 2012, 31.42, 1),
(11, 7, 2017, 1.07, 2),
(54, 18, 2013, 86.86, 1),
(19, 3, 2018, 65.67, 2),
(46, 21, 2012, 39.75, 1),
(64, 10, 2010, 61.21, 2),
(84, 7, 2010, 57.74, 2),
(32, 13, 2010, 28.54, 2),
(18, 10, 2017, 35.88, 2),
(4, 20, 2010, 93.44, 1),
(37, 13, 2015, 21.87, 2),
(30, 7, 2015, 72.04, 1),
(52, 20, 2018, 93.75, 2),
(77, 20, 2017, 13.61, 1),
(75, 16, 2016, 52.51, 2),
(38, 17, 2018, 37.76, 1),
(17, 18, 2014, 82.02, 2),
(57, 6, 2015, 89.85, 1),
(2, 13, 2016, 11.27, 2),
(20, 13, 2016, 79.01, 2),
(83, 10, 2012, 36.71, 2),
(73, 6, 2016, 47.65, 2),
(32, 9, 2011, 16.2, 1),
(43, 17, 2019, 61.61, 1),
(37, 18, 2013, 71.95, 1),
(28, 8, 2017, 85.01, 1),
(54, 10, 2014, 51.45, 1),
(21, 4, 2015, 98.03, 2),
(49, 8, 2011, 67.16, 2),
(71, 3, 2014, 84.59, 2),
(31, 20, 2013, 22.02, 1),
(98, 3, 2013, 84.74, 2),
(19, 9, 2012, 3.6, 2),
(66, 10, 2011, 83.91, 1),
(62, 14, 2012, 29.86, 1),
(63, 6, 2011, 35.13, 2),
(27, 17, 2011, 63.46, 1),
(84, 18, 2018, 68.05, 2),
(87, 20, 2013, 99.66, 2),
(91, 5, 2015, 21.27, 1),
(23, 21, 2013, 67.84, 2),
(42, 4, 2012, 29.7, 2),
(34, 10, 2016, 58.28, 2),
(8, 8, 2018, 32.32, 2),
(95, 19, 2018, 94.56, 2),
(96, 13, 2010, 35.52, 2),
(2, 11, 2014, 6.95, 2),
(96, 16, 2010, 95.44, 1),
(77, 19, 2014, 32.11, 1),
(56, 17, 2013, 81.42, 1),
(65, 20, 2018, 70.64, 2),
(1, 6, 2010, 91.25, 1),
(47, 5, 2017, 54.19, 1),
(18, 18, 2015, 80.58, 1),
(50, 8, 2016, 92.73, 2),
(29, 1, 2018, 51.32, 1),
(6, 12, 2010, 56.79, 1),
(68, 20, 2016, 28.81, 1),
(20, 16, 2014, 82.32, 2),
(30, 4, 2013, 37.27, 2),
(61, 7, 2019, 6.63, 1),
(53, 10, 2014, 8.31, 2),
(57, 1, 2018, 66.23, 2),
(17, 8, 2010, 1.65, 2),
(22, 12, 2018, 87.67, 1),
(45, 3, 2019, 86.61, 2),
(41, 18, 2010, 84.85, 1),
(16, 16, 2010, 28.43, 2),
(42, 20, 2013, 13.97, 2),
(5, 20, 2016, 92.54, 2),
(37, 12, 2012, 0.7, 2),
(70, 3, 2016, 15.4, 2),
(51, 19, 2010, 60.36, 2),
(54, 1, 2012, 46.78, 2),
(60, 1, 2016, 96.79, 2),
(29, 6, 2011, 60.03, 2),
(77, 4, 2014, 28.66, 2),
(19, 10, 2014, 82.2, 2),
(92, 15, 2013, 80.92, 2),
(13, 1, 2018, 27.12, 2),
(14, 13, 2011, 7.93, 1),
(93, 11, 2014, 20.69, 2),
(61, 10, 2014, 13.82, 1),
(82, 7, 2019, 85.18, 2),
(91, 8, 2016, 2.78, 2),
(46, 5, 2012, 92.67, 2),
(90, 16, 2017, 7.64, 2),
(52, 2, 2017, 55.16, 2),
(24, 20, 2011, 18.97, 2),
(80, 21, 2012, 17.86, 1),
(88, 13, 2012, 43.78, 1),
(76, 1, 2017, 50.36, 1),
(43, 14, 2019, 58.83, 1),
(83, 14, 2016, 30.82, 1),
(8, 16, 2012, 21.45, 1),
(31, 8, 2016, 29.82, 2),
(96, 3, 2016, 88.27, 1),
(22, 16, 2013, 34.9, 1),
(63, 14, 2019, 21.14, 2),
(33, 10, 2010, 68.97, 2),
(81, 15, 2017, 82.66, 2),
(27, 9, 2010, 65.75, 2),
(83, 9, 2012, 27.99, 2),
(94, 6, 2018, 24.6, 2),
(3, 2, 2013, 11.21, 1),
(15, 4, 2013, 23.45, 1),
(28, 7, 2011, 17.92, 2),
(26, 2, 2013, 65.68, 1),
(74, 2, 2019, 93.73, 1),
(96, 5, 2011, 2.26, 2),
(83, 7, 2016, 48.7, 1),
(72, 13, 2010, 74.13, 1),
(92, 16, 2016, 44.49, 1),
(59, 12, 2019, 68.2, 2),
(25, 12, 2019, 66.95, 2),
(80, 3, 2013, 69.49, 2),
(11, 11, 2011, 8.85, 2),
(99, 8, 2010, 30.15, 1),
(85, 3, 2014, 95.76, 1),
(47, 10, 2015, 22.63, 2),
(17, 9, 2013, 88.9, 1),
(55, 1, 2016, 83.17, 2),
(86, 15, 2012, 28.75, 2),
(82, 8, 2017, 4.29, 1),
(57, 11, 2017, 52.68, 1),
(33, 21, 2014, 43.37, 2),
(9, 15, 2016, 51.54, 2),
(26, 6, 2018, 44.59, 2),
(41, 13, 2015, 18.51, 2),
(13, 21, 2014, 34.99, 1),
(98, 8, 2018, 88.97, 1),
(55, 14, 2017, 69.42, 2),
(72, 2, 2011, 67.74, 1),
(28, 18, 2013, 74.94, 1),
(49, 15, 2011, 37.36, 1),
(100, 18, 2018, 75.55, 1),
(72, 10, 2013, 62.32, 2),
(95, 4, 2019, 17.37, 1),
(84, 21, 2016, 30.85, 1),
(95, 16, 2017, 48.33, 2);

insert into fees (fee_student_std_id, fee_year, fee_amount, paid) VALUES
(1, 2018 , 3020.4, 1),
(2, 2018, 3020.4, 1),
(3, 2018, 3020.4, 1),
(4, 2018, 3020.4, 1),
(5, 2018, 3020.4, 1),
(6, 2018, 3020.4, 1),
(7, 2018, 3020.4, 1),
(8, 2018, 3020.4, 1),
(9, 2018, 3020.4, 1),
(10, 2018, 3020.4, 1),
(11, 2018, 3020.4, 1),
(12, 2018, 3020.4, 1),
(13, 2018, 3020.4, 1),
(14, 2018, 3020.4, 1),
(15, 2018, 3020.4, 1),
(16, 2018, 3020.4, 1),
(17, 2018, 3020.4, 1),
(18, 2018, 3020.4, 1),
(19, 2018, 3020.4, 1),
(20, 2018, 3020.4, 1),
(21, 2018, 3020.4, 1),
(22, 2018, 3020.4, 1),
(23, 2018, 3020.4, 1),
(24, 2018, 3020.4, 1),
(25, 2018, 3020.4, 1),
(26, 2018, 3020.4, 1),
(27, 2018, 3020.4, 1),
(28, 2018, 3020.4, 1),
(29, 2018, 3020.4, 1),
(30, 2018, 3020.4, 1),
(31, 2018, 3020.4, 1),
(32, 2018, 3020.4, 1),
(33, 2018, 3020.4, 1),
(34, 2018, 3020.4, 1),
(35, 2018, 3020.4, 1),
(36, 2018, 3020.4, 1),
(37, 2018, 3020.4, 1),
(38, 2018, 3020.4, 1),
(39, 2018, 3020.4, 1),
(40, 2018, 3020.4, 1),
(41, 2018, 3020.4, 1),
(42, 2018, 3020.4, 1),
(43, 2018, 3020.4, 1),
(44, 2018, 3020.4, 1),
(45, 2018, 3020.4, 1),
(46, 2018, 3020.4, 1),
(47, 2018, 3020.4, 1),
(48, 2018, 3020.4, 1),
(49, 2018, 3020.4, 1),
(50, 2018, 3020.4, 1),
(51, 2018, 3020.4, 1),
(52, 2018, 3020.4, 1),
(53, 2018, 3020.4, 1),
(54, 2018, 3020.4, 1),
(55, 2018, 3020.4, 1),
(56, 2018, 3020.4, 1),
(57, 2018, 3020.4, 1),
(58, 2018, 3020.4, 1),
(59, 2018, 3020.4, 1),
(60, 2018, 3020.4, 1),
(61, 2018, 3020.4, 1),
(62, 2018, 3020.4, 1),
(63, 2018, 3020.4, 1),
(64, 2018, 3020.4, 1),
(65, 2018, 3020.4, 1),
(66, 2018, 3020.4, 1),
(67, 2018, 3020.4, 1),
(68, 2018, 3020.4, 1),
(69, 2018, 3020.4, 1),
(70, 2018, 3020.4, 1),
(71, 2018, 3020.4, 1),
(72, 2018, 3020.4, 1),
(73, 2018, 3020.4, 1),
(74, 2018, 3020.4, 1),
(75, 2018, 3020.4, 1),
(76, 2018, 3020.4, 1),
(77, 2018, 3020.4, 1),
(78, 2018, 3020.4, 1),
(79, 2018, 3020.4, 1),
(80, 2018, 3020.4, 1),
(81, 2018, 3020.4, 1),
(82, 2018, 3020.4, 1),
(83, 2018, 3020.4, 1),
(84, 2018, 3020.4, 1),
(85, 2018, 3020.4, 1),
(86, 2018, 3020.4, 1),
(87, 2018, 3020.4, 1),
(88, 2018, 3020.4, 1),
(89, 2018, 3020.4, 1),
(90, 2018, 3020.4, 1),
(91, 2018, 3020.4, 1),
(92, 2018, 3020.4, 1),
(93, 2018, 3020.4, 1),
(94, 2018, 3020.4, 1),
(95, 2018, 3020.4, 1),
(96, 2018, 3020.4, 1),
(97, 2018, 3020.4, 1),
(98, 2018, 3020.4, 1),
(99, 2018, 3020.4, 1),
(100, 2018, 3020.4, 1),
(1, 2019, 3020.4, 1),
(2, 2019, 3020.4, 1),
(3, 2019, 3020.4, 1),
(4, 2019, 3020.4, 1),
(5, 2019, 3020.4, 1),
(6, 2019, 3020.4, 1),
(7, 2019, 3020.4, 1),
(8, 2019, 3020.4, 1),
(9, 2019, 3020.4, 1),
(10, 2019, 3020.4, 1),
(11, 2019, 3020.4, 1),
(12, 2019, 3020.4, 1),
(13, 2019, 3020.4, 1),
(14, 2019, 3020.4, 1),
(15, 2019, 3020.4, 1),
(16, 2019, 3020.4, 1),
(17, 2019, 3020.4, 1),
(18, 2019, 3020.4, 1),
(19, 2019, 3020.4, 1),
(20, 2019, 3020.4, 1),
(21, 2019, 3020.4, 1),
(22, 2019, 3020.4, 1),
(23, 2019, 3020.4, 1),
(24, 2019, 3020.4, 1),
(25, 2019, 3020.4, 1),
(26, 2019, 3020.4, 1),
(27, 2019, 3020.4, 1),
(28, 2019, 3020.4, 1),
(29, 2019, 3020.4, 1),
(30, 2019, 3020.4, 1),
(31, 2019, 3020.4, 1),
(32, 2019, 3020.4, 1),
(33, 2019, 3020.4, 1),
(34, 2019, 3020.4, 1),
(35, 2019, 3020.4, 1),
(36, 2019, 3020.4, 1),
(37, 2019, 3020.4, 1),
(38, 2019, 3020.4, 1),
(39, 2019, 3020.4, 1),
(40, 2019, 3020.4, 1),
(41, 2019, 3020.4, 1),
(42, 2019, 3020.4, 1),
(43, 2019, 3020.4, 1),
(44, 2019, 3020.4, 1),
(45, 2019, 3020.4, 1),
(46, 2019, 3020.4, 1),
(47, 2019, 3020.4, 1),
(48, 2019, 3020.4, 1),
(49, 2019, 3020.4, 1),
(50, 2019, 3020.4, 1),
(51, 2019, 3020.4, 1),
(52, 2019, 3020.4, 1),
(53, 2019, 3020.4, 1),
(54, 2019, 3020.4, 1),
(55, 2019, 3020.4, 1),
(56, 2019, 3020.4, 1),
(57, 2019, 3020.4, 1),
(58, 2019, 3020.4, 1),
(59, 2019, 3020.4, 1),
(60, 2019, 3020.4, 1),
(61, 2019, 3020.4, 1),
(62, 2019, 3020.4, 1),
(63, 2019, 3020.4, 1),
(64, 2019, 3020.4, 1),
(65, 2019, 3020.4, 1),
(66, 2019, 3020.4, 1),
(67, 2019, 3020.4, 1),
(68, 2019, 3020.4, 1),
(69, 2019, 3020.4, 1),
(70, 2019, 3020.4, 1),
(71, 2019, 3020.4, 1),
(72, 2019, 3020.4, 1),
(73, 2019, 3020.4, 1),
(74, 2019, 3020.4, 1),
(75, 2019, 3020.4, 1),
(76, 2019, 3020.4, 1),
(77, 2019, 3020.4, 1),
(78, 2019, 3020.4, 1),
(79, 2019, 3020.4, 1),
(80, 2019, 3020.4, 1),
(81, 2019, 3020.4, 1),
(82, 2019, 3020.4, 1),
(83, 2019, 3020.4, 1),
(84, 2019, 3020.4, 1),
(85, 2019, 3020.4, 1),
(86, 2019, 3020.4, 1),
(87, 2019, 3020.4, 1),
(88, 2019, 3020.4, 1),
(89, 2019, 3020.4, 1),
(90, 2019, 3020.4, 1),
(91, 2019, 3020.4, 1),
(92, 2019, 3020.4, 1),
(93, 2019, 3020.4, 1),
(94, 2019, 3020.4, 1),
(95, 2019, 3020.4, 1),
(96, 2019, 3020.4, 1),
(97, 2019, 3020.4, 1),
(98, 2019, 3020.4, 1),
(99, 2019, 3020.4, 1),
(100, 2019, 3020.4, 1),
(1, 2020, 3020.4, 0),
(2, 2020, 3020.4, 0),
(3, 2020, 3020.4, 0),
(4, 2020, 3020.4, 0),
(5, 2020, 3020.4, 0),
(6, 2020, 3020.4, 0),
(7, 2020, 3020.4, 0),
(8, 2020, 3020.4, 0),
(9, 2020, 3020.4, 0),
(10, 2020, 3020.4, 0),
(11, 2020, 3020.4, 0),
(12, 2020, 3020.4, 0),
(13, 2020, 3020.4, 0),
(14, 2020, 3020.4, 0),
(15, 2020, 3020.4, 0),
(16, 2020, 3020.4, 0),
(17, 2020, 3020.4, 0),
(18, 2020, 3020.4, 0),
(19, 2020, 3020.4, 0),
(20, 2020, 3020.4, 0),
(21, 2020, 3020.4, 0),
(22, 2020, 3020.4, 0),
(23, 2020, 3020.4, 0),
(24, 2020, 3020.4, 0),
(25, 2020, 3020.4, 0),
(26, 2020, 3020.4, 0),
(27, 2020, 3020.4, 0),
(28, 2020, 3020.4, 0),
(29, 2020, 3020.4, 0),
(30, 2020, 3020.4, 0),
(31, 2020, 3020.4, 0),
(32, 2020, 3020.4, 0),
(33, 2020, 3020.4, 0),
(34, 2020, 3020.4, 0),
(35, 2020, 3020.4, 0),
(36, 2020, 3020.4, 0),
(37, 2020, 3020.4, 0),
(38, 2020, 3020.4, 0),
(39, 2020, 3020.4, 0),
(40, 2020, 3020.4, 0),
(41, 2020, 3020.4, 0),
(42, 2020, 3020.4, 0),
(43, 2020, 3020.4, 0),
(44, 2020, 3020.4, 0),
(45, 2020, 3020.4, 0),
(46, 2020, 3020.4, 0),
(47, 2020, 3020.4, 0),
(48, 2020, 3020.4, 0),
(49, 2020, 3020.4, 0),
(50, 2020, 3020.4, 0),
(51, 2020, 3020.4, 0),
(52, 2020, 3020.4, 0),
(53, 2020, 3020.4, 0),
(54, 2020, 3020.4, 0),
(55, 2020, 3020.4, 0),
(56, 2020, 3020.4, 0),
(57, 2020, 3020.4, 0),
(58, 2020, 3020.4, 0),
(59, 2020, 3020.4, 0),
(60, 2020, 3020.4, 0),
(61, 2020, 3020.4, 0),
(62, 2020, 3020.4, 0),
(63, 2020, 3020.4, 0),
(64, 2020, 3020.4, 0),
(65, 2020, 3020.4, 0),
(66, 2020, 3020.4, 0),
(67, 2020, 3020.4, 0),
(68, 2020, 3020.4, 0),
(69, 2020, 3020.4, 0),
(70, 2020, 3020.4, 0),
(71, 2020, 3020.4, 0),
(72, 2020, 3020.4, 0),
(73, 2020, 3020.4, 0),
(74, 2020, 3020.4, 0),
(75, 2020, 3020.4, 0),
(76, 2020, 3020.4, 0),
(77, 2020, 3020.4, 0),
(78, 2020, 3020.4, 0),
(79, 2020, 3020.4, 0),
(80, 2020, 3020.4, 0),
(81, 2020, 3020.4, 0),
(82, 2020, 3020.4, 0),
(83, 2020, 3020.4, 0),
(84, 2020, 3020.4, 0),
(85, 2020, 3020.4, 0),
(86, 2020, 3020.4, 0),
(87, 2020, 3020.4, 0),
(88, 2020, 3020.4, 0),
(89, 2020, 3020.4, 0),
(90, 2020, 3020.4, 0),
(91, 2020, 3020.4, 0),
(92, 2020, 3020.4, 0),
(93, 2020, 3020.4, 0),
(94, 2020, 3020.4, 0),
(95, 2020, 3020.4, 0),
(96, 2020, 3020.4, 0),
(97, 2020, 3020.4, 0),
(98, 2020, 3020.4, 0),
(99, 2020, 3020.4, 0),
(100, 2020, 3020.4, 0);